Dataset,Distill,AUC,Accuracy,F1,Precision,Recall
camelyon16,MaxS,0.9309955067696868,0.8809955067696867,0.8909955067696868,0.9009955067696868,0.9109955067696868
camelyon16,MaxMinS,0.9398873328094385,0.8898873328094384,0.8998873328094384,0.9098873328094385,0.9198873328094385
camelyon16,AFS,0.9472715013417403,0.8972715013417403,0.9072715013417403,0.9172715013417403,0.9272715013417403
camelyon16,MAS,0.9321629648664832,0.8821629648664832,0.8921629648664832,0.9021629648664832,0.9121629648664832
tcga,MaxMinS,0.956885370964945,0.9068853709649449,0.9168853709649449,0.9268853709649449,0.936885370964945
tcga,AFS,0.9605793758805067,0.9105793758805066,0.9205793758805066,0.9305793758805067,0.9405793758805067
